"","Survived","Pclass","Sex","Age","Embarked","Famsize","Fsize","Fare"
"1","0","3","male",22,"S",2,"small",7.25
"2","1","1","female",38,"C",2,"small",71.2833
"3","1","3","female",26,"S",1,"singleton",7.925
"4","1","1","female",35,"S",2,"small",53.1
"5","0","3","male",35,"S",1,"singleton",8.05
"6","0","3","male",22,"Q",1,"singleton",8.4583
"7","0","1","male",54,"S",1,"singleton",51.8625
"8","0","3","male",2,"S",5,"large",21.075
"9","1","3","female",27,"S",3,"small",11.1333
"10","1","2","female",14,"C",2,"small",30.0708
"11","1","3","female",4,"S",3,"small",16.7
"12","1","1","female",58,"S",1,"singleton",26.55
"13","0","3","male",20,"S",1,"singleton",8.05
"14","0","3","male",39,"S",7,"large",31.275
"15","0","3","female",14,"S",1,"singleton",7.8542
"16","1","2","female",55,"S",1,"singleton",16
"17","0","3","male",2,"Q",6,"large",29.125
"18","1","2","male",30,"S",1,"singleton",13
"19","0","3","female",31,"S",2,"small",18
"20","1","3","female",26.5,"C",1,"singleton",7.225
"21","0","2","male",35,"S",1,"singleton",26
"22","1","2","male",34,"S",1,"singleton",13
"23","1","3","female",15,"Q",1,"singleton",8.0292
"24","1","1","male",28,"S",1,"singleton",35.5
"25","0","3","female",8,"S",5,"large",21.075
"26","1","3","female",38,"S",7,"large",31.3875
"27","0","3","male",26.5,"C",1,"singleton",7.225
"28","0","1","male",19,"S",6,"large",263
"29","1","3","female",22,"Q",1,"singleton",7.8792
"30","0","3","male",28,"S",1,"singleton",7.8958
"31","0","1","male",40,"C",1,"singleton",27.7208
"32","1","1","female",40,"C",2,"small",146.5208
"33","1","3","female",30.5,"Q",1,"singleton",7.75
"34","0","2","male",66,"S",1,"singleton",10.5
"35","0","1","male",28,"C",2,"small",82.1708
"36","0","1","male",42,"S",2,"small",52
"37","1","3","male",20,"C",1,"singleton",7.2292
"38","0","3","male",21,"S",1,"singleton",8.05
"39","0","3","female",18,"S",3,"small",18
"40","1","3","female",14,"C",2,"small",11.2417
"41","0","3","female",40,"S",2,"small",9.475
"42","0","2","female",27,"S",2,"small",21
"43","0","3","male",22,"C",1,"singleton",7.8958
"44","1","2","female",3,"C",4,"small",41.5792
"45","1","3","female",19,"Q",1,"singleton",7.8792
"46","0","3","male",24,"S",1,"singleton",8.05
"47","0","3","male",26,"Q",2,"small",15.5
"48","1","3","female",30.5,"Q",1,"singleton",7.75
"49","0","3","male",11,"C",3,"small",21.6792
"50","0","3","female",18,"S",2,"small",17.8
"51","0","3","male",7,"S",6,"large",39.6875
"52","0","3","male",21,"S",1,"singleton",7.8
"53","1","1","female",49,"C",2,"small",76.7292
"54","1","2","female",29,"S",2,"small",26
"55","0","1","male",65,"C",2,"small",61.9792
"56","1","1","male",47,"S",1,"singleton",35.5
"57","1","2","female",21,"S",1,"singleton",10.5
"58","0","3","male",28.5,"C",1,"singleton",7.2292
"59","1","2","female",5,"S",4,"small",27.75
"60","0","3","male",11,"S",8,"large",46.9
"61","0","3","male",22,"C",1,"singleton",7.2292
"62","1","1","female",38,"",1,"singleton",80
"63","0","1","male",45,"S",2,"small",83.475
"64","0","3","male",4,"S",6,"large",27.9
"65","0","1","male",43,"C",1,"singleton",27.7208
"66","1","3","male",14.5,"C",3,"small",15.2458
"67","1","2","female",29,"S",1,"singleton",10.5
"68","0","3","male",19,"S",1,"singleton",8.1583
"69","1","3","female",17,"S",7,"large",7.925
"70","0","3","male",26,"S",3,"small",8.6625
"71","0","2","male",32,"S",1,"singleton",10.5
"72","0","3","female",16,"S",8,"large",46.9
"73","0","2","male",21,"S",1,"singleton",73.5
"74","0","3","male",26,"C",2,"small",14.4542
"75","1","3","male",32,"S",1,"singleton",56.4958
"76","0","3","male",25,"S",1,"singleton",7.65
"77","0","3","male",28,"S",1,"singleton",7.8958
"78","0","3","male",24,"S",1,"singleton",8.05
"79","1","2","male",0.83,"S",3,"small",29
"80","1","3","female",30,"S",1,"singleton",12.475
"81","0","3","male",22,"S",1,"singleton",9
"82","1","3","male",29,"S",1,"singleton",9.5
"83","1","3","female",30.5,"Q",1,"singleton",7.7875
"84","0","1","male",28,"S",1,"singleton",47.1
"85","1","2","female",17,"S",1,"singleton",10.5
"86","1","3","female",33,"S",4,"small",15.85
"87","0","3","male",16,"S",5,"large",34.375
"88","0","3","male",24,"S",1,"singleton",8.05
"89","1","1","female",23,"S",6,"large",263
"90","0","3","male",24,"S",1,"singleton",8.05
"91","0","3","male",29,"S",1,"singleton",8.05
"92","0","3","male",20,"S",1,"singleton",7.8542
"93","0","1","male",46,"S",2,"small",61.175
"94","0","3","male",26,"S",4,"small",20.575
"95","0","3","male",59,"S",1,"singleton",7.25
"96","0","3","male",24,"S",1,"singleton",8.05
"97","0","1","male",71,"C",1,"singleton",34.6542
"98","1","1","male",23,"C",2,"small",63.3583
"99","1","2","female",34,"S",2,"small",23
"100","0","2","male",34,"S",2,"small",26
"101","0","3","female",28,"S",1,"singleton",7.8958
"102","0","3","male",28,"S",1,"singleton",7.8958
"103","0","1","male",21,"S",2,"small",77.2875
"104","0","3","male",33,"S",1,"singleton",8.6542
"105","0","3","male",37,"S",3,"small",7.925
"106","0","3","male",28,"S",1,"singleton",7.8958
"107","1","3","female",21,"S",1,"singleton",7.65
"108","1","3","male",25,"S",1,"singleton",7.775
"109","0","3","male",38,"S",1,"singleton",7.8958
"110","1","3","female",15,"Q",2,"small",24.15
"111","0","1","male",47,"S",1,"singleton",52
"112","0","3","female",14.5,"C",2,"small",14.4542
"113","0","3","male",22,"S",1,"singleton",8.05
"114","0","3","female",20,"S",2,"small",9.825
"115","0","3","female",17,"C",1,"singleton",14.4583
"116","0","3","male",21,"S",1,"singleton",7.925
"117","0","3","male",70.5,"Q",1,"singleton",7.75
"118","0","2","male",29,"S",2,"small",21
"119","0","1","male",24,"C",2,"small",247.5208
"120","0","3","female",2,"S",7,"large",31.275
"121","0","2","male",21,"S",3,"small",73.5
"122","0","3","male",24,"S",1,"singleton",8.05
"123","0","2","male",32.5,"C",2,"small",30.0708
"124","1","2","female",32.5,"S",1,"singleton",13
"125","0","1","male",54,"S",2,"small",77.2875
"126","1","3","male",12,"C",2,"small",11.2417
"127","0","3","male",30.5,"Q",1,"singleton",7.75
"128","1","3","male",24,"S",1,"singleton",7.1417
"129","1","3","female",11,"C",3,"small",22.3583
"130","0","3","male",45,"S",1,"singleton",6.975
"131","0","3","male",33,"C",1,"singleton",7.8958
"132","0","3","male",20,"S",1,"singleton",7.05
"133","0","3","female",47,"S",2,"small",14.5
"134","1","2","female",29,"S",2,"small",26
"135","0","2","male",25,"S",1,"singleton",13
"136","0","2","male",23,"C",1,"singleton",15.0458
"137","1","1","female",19,"S",3,"small",26.2833
"138","0","1","male",37,"S",2,"small",53.1
"139","0","3","male",16,"S",1,"singleton",9.2167
"140","0","1","male",24,"C",1,"singleton",79.2
"141","0","3","female",14.5,"C",3,"small",15.2458
"142","1","3","female",22,"S",1,"singleton",7.75
"143","1","3","female",24,"S",2,"small",15.85
"144","0","3","male",19,"Q",1,"singleton",6.75
"145","0","2","male",18,"S",1,"singleton",11.5
"146","0","2","male",19,"S",3,"small",36.75
"147","1","3","male",27,"S",1,"singleton",7.7958
"148","0","3","female",9,"S",5,"large",34.375
"149","0","2","male",36.5,"S",3,"small",26
"150","0","2","male",42,"S",1,"singleton",13
"151","0","2","male",51,"S",1,"singleton",12.525
"152","1","1","female",22,"S",2,"small",66.6
"153","0","3","male",55.5,"S",1,"singleton",8.05
"154","0","3","male",40.5,"S",3,"small",14.5
"155","0","3","male",22,"S",1,"singleton",7.3125
"156","0","1","male",51,"C",2,"small",61.3792
"157","1","3","female",16,"Q",1,"singleton",7.7333
"158","0","3","male",30,"S",1,"singleton",8.05
"159","0","3","male",21,"S",1,"singleton",8.6625
"160","0","3","male",16,"S",11,"large",69.55
"161","0","3","male",44,"S",2,"small",16.1
"162","1","2","female",40,"S",1,"singleton",15.75
"163","0","3","male",26,"S",1,"singleton",7.775
"164","0","3","male",17,"S",1,"singleton",8.6625
"165","0","3","male",1,"S",6,"large",39.6875
"166","1","3","male",9,"S",3,"small",20.525
"167","1","1","female",31,"S",2,"small",55
"168","0","3","female",45,"S",6,"large",27.9
"169","0","1","male",48,"S",1,"singleton",25.925
"170","0","3","male",28,"S",1,"singleton",56.4958
"171","0","1","male",61,"S",1,"singleton",33.5
"172","0","3","male",4,"Q",6,"large",29.125
"173","1","3","female",1,"S",3,"small",11.1333
"174","0","3","male",21,"S",1,"singleton",7.925
"175","0","1","male",56,"C",1,"singleton",30.6958
"176","0","3","male",18,"S",3,"small",7.8542
"177","0","3","male",24,"S",5,"large",25.4667
"178","0","1","female",50,"C",1,"singleton",28.7125
"179","0","2","male",30,"S",1,"singleton",13
"180","0","3","male",36,"S",1,"singleton",0
"181","0","3","female",16,"S",11,"large",69.55
"182","0","2","male",27,"C",1,"singleton",15.05
"183","0","3","male",9,"S",7,"large",31.3875
"184","1","2","male",1,"S",4,"small",39
"185","1","3","female",4,"S",3,"small",22.025
"186","0","1","male",47,"S",1,"singleton",50
"187","1","3","female",26,"Q",2,"small",15.5
"188","1","1","male",45,"S",1,"singleton",26.55
"189","0","3","male",40,"Q",3,"small",15.5
"190","0","3","male",36,"S",1,"singleton",7.8958
"191","1","2","female",32,"S",1,"singleton",13
"192","0","2","male",19,"S",1,"singleton",13
"193","1","3","female",19,"S",2,"small",7.8542
"194","1","2","male",3,"S",3,"small",26
"195","1","1","female",44,"C",1,"singleton",27.7208
"196","1","1","female",58,"C",1,"singleton",146.5208
"197","0","3","male",30.5,"Q",1,"singleton",7.75
"198","0","3","male",42,"S",2,"small",8.4042
"199","1","3","female",30.5,"Q",1,"singleton",7.75
"200","0","2","female",24,"S",1,"singleton",13
"201","0","3","male",28,"S",1,"singleton",9.5
"202","0","3","male",16,"S",11,"large",69.55
"203","0","3","male",34,"S",1,"singleton",6.4958
"204","0","3","male",45.5,"C",1,"singleton",7.225
"205","1","3","male",18,"S",1,"singleton",8.05
"206","0","3","female",2,"S",2,"small",10.4625
"207","0","3","male",32,"S",2,"small",15.85
"208","1","3","male",26,"C",1,"singleton",18.7875
"209","1","3","female",16,"Q",1,"singleton",7.75
"210","1","1","male",40,"C",1,"singleton",31
"211","0","3","male",24,"S",1,"singleton",7.05
"212","1","2","female",35,"S",1,"singleton",21
"213","0","3","male",22,"S",1,"singleton",7.25
"214","0","2","male",30,"S",1,"singleton",13
"215","0","3","male",30.5,"Q",2,"small",7.75
"216","1","1","female",31,"C",2,"small",113.275
"217","1","3","female",27,"S",1,"singleton",7.925
"218","0","2","male",42,"S",2,"small",27
"219","1","1","female",32,"C",1,"singleton",76.2917
"220","0","2","male",30,"S",1,"singleton",10.5
"221","1","3","male",16,"S",1,"singleton",8.05
"222","0","2","male",27,"S",1,"singleton",13
"223","0","3","male",51,"S",1,"singleton",8.05
"224","0","3","male",28,"S",1,"singleton",7.8958
"225","1","1","male",38,"S",2,"small",90
"226","0","3","male",22,"S",1,"singleton",9.35
"227","1","2","male",19,"S",1,"singleton",10.5
"228","0","3","male",20.5,"S",1,"singleton",7.25
"229","0","2","male",18,"S",1,"singleton",13
"230","0","3","female",24,"S",5,"large",25.4667
"231","1","1","female",35,"S",2,"small",83.475
"232","0","3","male",29,"S",1,"singleton",7.775
"233","0","2","male",59,"S",1,"singleton",13.5
"234","1","3","female",5,"S",7,"large",31.3875
"235","0","2","male",24,"S",1,"singleton",10.5
"236","0","3","female",24,"S",1,"singleton",7.55
"237","0","2","male",44,"S",2,"small",26
"238","1","2","female",8,"S",3,"small",26.25
"239","0","2","male",19,"S",1,"singleton",10.5
"240","0","2","male",33,"S",1,"singleton",12.275
"241","0","3","female",18,"C",2,"small",14.4542
"242","1","3","female",26,"Q",2,"small",15.5
"243","0","2","male",29,"S",1,"singleton",10.5
"244","0","3","male",22,"S",1,"singleton",7.125
"245","0","3","male",30,"C",1,"singleton",7.225
"246","0","1","male",44,"Q",3,"small",90
"247","0","3","female",25,"S",1,"singleton",7.775
"248","1","2","female",24,"S",3,"small",14.5
"249","1","1","male",37,"S",3,"small",52.5542
"250","0","2","male",54,"S",2,"small",26
"251","0","3","male",22,"S",1,"singleton",7.25
"252","0","3","female",29,"S",3,"small",10.4625
"253","0","1","male",62,"S",1,"singleton",26.55
"254","0","3","male",30,"S",2,"small",16.1
"255","0","3","female",41,"S",3,"small",20.2125
"256","1","3","female",29,"C",3,"small",15.2458
"257","1","1","female",48,"C",1,"singleton",79.2
"258","1","1","female",30,"S",1,"singleton",86.5
"259","1","1","female",35,"C",1,"singleton",512.3292
"260","1","2","female",50,"S",2,"small",26
"261","0","3","male",30.5,"Q",1,"singleton",7.75
"262","1","3","male",3,"S",7,"large",31.3875
"263","0","1","male",52,"S",3,"small",79.65
"264","0","1","male",40,"S",1,"singleton",0
"265","0","3","female",30.5,"Q",1,"singleton",7.75
"266","0","2","male",36,"S",1,"singleton",10.5
"267","0","3","male",16,"S",6,"large",39.6875
"268","1","3","male",25,"S",2,"small",7.775
"269","1","1","female",58,"S",2,"small",153.4625
"270","1","1","female",35,"S",1,"singleton",135.6333
"271","0","1","male",47,"S",1,"singleton",31
"272","1","3","male",25,"S",1,"singleton",0
"273","1","2","female",41,"S",2,"small",19.5
"274","0","1","male",37,"C",2,"small",29.7
"275","1","3","female",30.5,"Q",1,"singleton",7.75
"276","1","1","female",63,"S",2,"small",77.9583
"277","0","3","female",45,"S",1,"singleton",7.75
"278","0","2","male",29,"S",1,"singleton",0
"279","0","3","male",7,"Q",6,"large",29.125
"280","1","3","female",35,"S",3,"small",20.25
"281","0","3","male",65,"Q",1,"singleton",7.75
"282","0","3","male",28,"S",1,"singleton",7.8542
"283","0","3","male",16,"S",1,"singleton",9.5
"284","1","3","male",19,"S",1,"singleton",8.05
"285","0","1","male",46,"S",1,"singleton",26
"286","0","3","male",33,"C",1,"singleton",8.6625
"287","1","3","male",30,"S",1,"singleton",9.5
"288","0","3","male",22,"S",1,"singleton",7.8958
"289","1","2","male",42,"S",1,"singleton",13
"290","1","3","female",22,"Q",1,"singleton",7.75
"291","1","1","female",26,"S",1,"singleton",78.85
"292","1","1","female",19,"C",2,"small",91.0792
"293","0","2","male",36,"C",1,"singleton",12.875
"294","0","3","female",24,"S",1,"singleton",8.85
"295","0","3","male",24,"S",1,"singleton",7.8958
"296","0","1","male",43,"C",1,"singleton",27.7208
"297","0","3","male",23.5,"C",1,"singleton",7.2292
"298","0","1","female",2,"S",4,"small",151.55
"299","1","1","male",47,"S",1,"singleton",30.5
"300","1","1","female",50,"C",2,"small",247.5208
"301","1","3","female",30.5,"Q",1,"singleton",7.75
"302","1","3","male",15,"Q",3,"small",23.25
"303","0","3","male",19,"S",1,"singleton",0
"304","1","2","female",35,"Q",1,"singleton",12.35
"305","0","3","male",24,"S",1,"singleton",8.05
"306","1","1","male",0.92,"S",4,"small",151.55
"307","1","1","female",31,"C",1,"singleton",110.8833
"308","1","1","female",17,"C",2,"small",108.9
"309","0","2","male",30,"C",2,"small",24
"310","1","1","female",30,"C",1,"singleton",56.9292
"311","1","1","female",24,"C",1,"singleton",83.1583
"312","1","1","female",18,"C",5,"large",262.375
"313","0","2","female",26,"S",3,"small",26
"314","0","3","male",28,"S",1,"singleton",7.8958
"315","0","2","male",43,"S",3,"small",26.25
"316","1","3","female",26,"S",1,"singleton",7.8542
"317","1","2","female",24,"S",2,"small",26
"318","0","2","male",54,"S",1,"singleton",14
"319","1","1","female",31,"S",3,"small",164.8667
"320","1","1","female",40,"C",3,"small",134.5
"321","0","3","male",22,"S",1,"singleton",7.25
"322","0","3","male",27,"S",1,"singleton",7.8958
"323","1","2","female",30,"Q",1,"singleton",12.35
"324","1","2","female",22,"S",3,"small",29
"325","0","3","male",16,"S",11,"large",69.55
"326","1","1","female",36,"C",1,"singleton",135.6333
"327","0","3","male",61,"S",1,"singleton",6.2375
"328","1","2","female",36,"S",1,"singleton",13
"329","1","3","female",31,"S",3,"small",20.525
"330","1","1","female",16,"C",2,"small",57.9792
"331","1","3","female",15,"Q",3,"small",23.25
"332","0","1","male",45.5,"S",1,"singleton",28.5
"333","0","1","male",38,"S",2,"small",153.4625
"334","0","3","male",16,"S",3,"small",18
"335","1","1","female",25,"S",2,"small",133.65
"336","0","3","male",28,"S",1,"singleton",7.8958
"337","0","1","male",29,"S",2,"small",66.6
"338","1","1","female",41,"C",1,"singleton",134.5
"339","1","3","male",45,"S",1,"singleton",8.05
"340","0","1","male",45,"S",1,"singleton",35.5
"341","1","2","male",2,"S",3,"small",26
"342","1","1","female",24,"S",6,"large",263
"343","0","2","male",28,"S",1,"singleton",13
"344","0","2","male",25,"S",1,"singleton",13
"345","0","2","male",36,"S",1,"singleton",13
"346","1","2","female",24,"S",1,"singleton",13
"347","1","2","female",40,"S",1,"singleton",13
"348","1","3","female",24,"S",2,"small",16.1
"349","1","3","male",3,"S",3,"small",15.9
"350","0","3","male",42,"S",1,"singleton",8.6625
"351","0","3","male",23,"S",1,"singleton",9.225
"352","0","1","male",47,"S",1,"singleton",35
"353","0","3","male",15,"C",3,"small",7.2292
"354","0","3","male",25,"S",2,"small",17.8
"355","0","3","male",26.5,"C",1,"singleton",7.225
"356","0","3","male",28,"S",1,"singleton",9.5
"357","1","1","female",22,"S",2,"small",55
"358","0","2","female",38,"S",1,"singleton",13
"359","1","3","female",22,"Q",1,"singleton",7.8792
"360","1","3","female",22,"Q",1,"singleton",7.8792
"361","0","3","male",40,"S",6,"large",27.9
"362","0","2","male",29,"C",2,"small",27.7208
"363","0","3","female",45,"C",2,"small",14.4542
"364","0","3","male",35,"S",1,"singleton",7.05
"365","0","3","male",26,"Q",2,"small",15.5
"366","0","3","male",30,"S",1,"singleton",7.25
"367","1","1","female",60,"C",2,"small",75.25
"368","1","3","female",20,"C",1,"singleton",7.2292
"369","1","3","female",30.5,"Q",1,"singleton",7.75
"370","1","1","female",24,"C",1,"singleton",69.3
"371","1","1","male",25,"C",2,"small",55.4417
"372","0","3","male",18,"S",2,"small",6.4958
"373","0","3","male",19,"S",1,"singleton",8.05
"374","0","1","male",22,"C",1,"singleton",135.6333
"375","0","3","female",3,"S",5,"large",21.075
"376","1","1","female",39,"C",2,"small",82.1708
"377","1","3","female",22,"S",1,"singleton",7.25
"378","0","1","male",27,"C",3,"small",211.5
"379","0","3","male",20,"C",1,"singleton",4.0125
"380","0","3","male",19,"S",1,"singleton",7.775
"381","1","1","female",42,"C",1,"singleton",227.525
"382","1","3","female",1,"C",3,"small",15.7417
"383","0","3","male",32,"S",1,"singleton",7.925
"384","1","1","female",35,"S",2,"small",52
"385","0","3","male",28,"S",1,"singleton",7.8958
"386","0","2","male",18,"S",1,"singleton",73.5
"387","0","3","male",1,"S",8,"large",46.9
"388","1","2","female",36,"S",1,"singleton",13
"389","0","3","male",22,"Q",1,"singleton",7.7292
"390","1","2","female",17,"C",1,"singleton",12
"391","1","1","male",36,"S",4,"small",120
"392","1","3","male",21,"S",1,"singleton",7.7958
"393","0","3","male",28,"S",3,"small",7.925
"394","1","1","female",23,"C",2,"small",113.275
"395","1","3","female",24,"S",3,"small",16.7
"396","0","3","male",22,"S",1,"singleton",7.7958
"397","0","3","female",31,"S",1,"singleton",7.8542
"398","0","2","male",46,"S",1,"singleton",26
"399","0","2","male",23,"S",1,"singleton",10.5
"400","1","2","female",28,"S",1,"singleton",12.65
"401","1","3","male",39,"S",1,"singleton",7.925
"402","0","3","male",26,"S",1,"singleton",8.05
"403","0","3","female",21,"S",2,"small",9.825
"404","0","3","male",28,"S",2,"small",15.85
"405","0","3","female",20,"S",1,"singleton",8.6625
"406","0","2","male",34,"S",2,"small",21
"407","0","3","male",51,"S",1,"singleton",7.75
"408","1","2","male",3,"S",3,"small",18.75
"409","0","3","male",21,"S",1,"singleton",7.775
"410","0","3","female",24,"S",5,"large",25.4667
"411","0","3","male",28,"S",1,"singleton",7.8958
"412","0","3","male",21,"Q",1,"singleton",6.8583
"413","1","1","female",33,"Q",2,"small",90
"414","0","2","male",29,"S",1,"singleton",0
"415","1","3","male",44,"S",1,"singleton",7.925
"416","0","3","female",24,"S",1,"singleton",8.05
"417","1","2","female",34,"S",3,"small",32.5
"418","1","2","female",18,"S",3,"small",13
"419","0","2","male",30,"S",1,"singleton",13
"420","0","3","female",10,"S",3,"small",24.15
"421","0","3","male",22,"C",1,"singleton",7.8958
"422","0","3","male",21,"Q",1,"singleton",7.7333
"423","0","3","male",29,"S",1,"singleton",7.875
"424","0","3","female",28,"S",3,"small",14.4
"425","0","3","male",18,"S",3,"small",20.2125
"426","0","3","male",22,"S",1,"singleton",7.25
"427","1","2","female",28,"S",2,"small",26
"428","1","2","female",19,"S",1,"singleton",26
"429","0","3","male",30.5,"Q",1,"singleton",7.75
"430","1","3","male",32,"S",1,"singleton",8.05
"431","1","1","male",28,"S",1,"singleton",26.55
"432","1","3","female",24,"S",2,"small",16.1
"433","1","2","female",42,"S",2,"small",26
"434","0","3","male",17,"S",1,"singleton",7.125
"435","0","1","male",50,"S",2,"small",55.9
"436","1","1","female",14,"S",4,"small",120
"437","0","3","female",21,"S",5,"large",34.375
"438","1","2","female",24,"S",6,"large",18.75
"439","0","1","male",64,"S",6,"large",263
"440","0","2","male",31,"S",1,"singleton",10.5
"441","1","2","female",45,"S",3,"small",26.25
"442","0","3","male",20,"S",1,"singleton",9.5
"443","0","3","male",25,"S",2,"small",7.775
"444","1","2","female",28,"S",1,"singleton",13
"445","1","3","male",22,"S",1,"singleton",8.1125
"446","1","1","male",4,"S",3,"small",81.8583
"447","1","2","female",13,"S",2,"small",19.5
"448","1","1","male",34,"S",1,"singleton",26.55
"449","1","3","female",5,"C",4,"small",19.2583
"450","1","1","male",52,"S",1,"singleton",30.5
"451","0","2","male",36,"S",4,"small",27.75
"452","0","3","male",18,"S",2,"small",19.9667
"453","0","1","male",30,"C",1,"singleton",27.75
"454","1","1","male",49,"C",2,"small",89.1042
"455","0","3","male",24,"S",1,"singleton",8.05
"456","1","3","male",29,"C",1,"singleton",7.8958
"457","0","1","male",65,"S",1,"singleton",26.55
"458","1","1","female",42,"S",2,"small",51.8625
"459","1","2","female",50,"S",1,"singleton",10.5
"460","0","3","male",30.5,"Q",1,"singleton",7.75
"461","1","1","male",48,"S",1,"singleton",26.55
"462","0","3","male",34,"S",1,"singleton",8.05
"463","0","1","male",47,"S",1,"singleton",38.5
"464","0","2","male",48,"S",1,"singleton",13
"465","0","3","male",24,"S",1,"singleton",8.05
"466","0","3","male",38,"S",1,"singleton",7.05
"467","0","2","male",29,"S",1,"singleton",0
"468","0","1","male",56,"S",1,"singleton",26.55
"469","0","3","male",22,"Q",1,"singleton",7.725
"470","1","3","female",0.75,"C",4,"small",19.2583
"471","0","3","male",22,"S",1,"singleton",7.25
"472","0","3","male",38,"S",1,"singleton",8.6625
"473","1","2","female",33,"S",4,"small",27.75
"474","1","2","female",23,"C",1,"singleton",13.7917
"475","0","3","female",22,"S",1,"singleton",9.8375
"476","0","1","male",42,"S",1,"singleton",52
"477","0","2","male",34,"S",2,"small",21
"478","0","3","male",29,"S",2,"small",7.0458
"479","0","3","male",22,"S",1,"singleton",7.5208
"480","1","3","female",2,"S",2,"small",12.2875
"481","0","3","male",9,"S",8,"large",46.9
"482","0","2","male",29,"S",1,"singleton",0
"483","0","3","male",50,"S",1,"singleton",8.05
"484","1","3","female",63,"S",1,"singleton",9.5875
"485","1","1","male",25,"C",2,"small",91.0792
"486","0","3","female",24,"S",5,"large",25.4667
"487","1","1","female",35,"S",2,"small",90
"488","0","1","male",58,"C",1,"singleton",29.7
"489","0","3","male",30,"S",1,"singleton",8.05
"490","1","3","male",9,"S",3,"small",15.9
"491","0","3","male",18,"S",2,"small",19.9667
"492","0","3","male",21,"S",1,"singleton",7.25
"493","0","1","male",55,"S",1,"singleton",30.5
"494","0","1","male",71,"C",1,"singleton",49.5042
"495","0","3","male",21,"S",1,"singleton",8.05
"496","0","3","male",18,"C",1,"singleton",14.4583
"497","1","1","female",54,"C",2,"small",78.2667
"498","0","3","male",34,"S",1,"singleton",15.1
"499","0","1","female",25,"S",4,"small",151.55
"500","0","3","male",24,"S",1,"singleton",7.7958
"501","0","3","male",17,"S",1,"singleton",8.6625
"502","0","3","female",21,"Q",1,"singleton",7.75
"503","0","3","female",22,"Q",1,"singleton",7.6292
"504","0","3","female",37,"S",1,"singleton",9.5875
"505","1","1","female",16,"S",1,"singleton",86.5
"506","0","1","male",18,"C",2,"small",108.9
"507","1","2","female",33,"S",3,"small",26
"508","1","1","male",56,"S",1,"singleton",26.55
"509","0","3","male",28,"S",1,"singleton",22.525
"510","1","3","male",26,"S",1,"singleton",56.4958
"511","1","3","male",29,"Q",1,"singleton",7.75
"512","0","3","male",24,"S",1,"singleton",8.05
"513","1","1","male",36,"S",1,"singleton",26.2875
"514","1","1","female",54,"C",2,"small",59.4
"515","0","3","male",24,"S",1,"singleton",7.4958
"516","0","1","male",47,"S",1,"singleton",34.0208
"517","1","2","female",34,"S",1,"singleton",10.5
"518","0","3","male",15,"Q",1,"singleton",24.15
"519","1","2","female",36,"S",2,"small",26
"520","0","3","male",32,"S",1,"singleton",7.8958
"521","1","1","female",30,"S",1,"singleton",93.5
"522","0","3","male",22,"S",1,"singleton",7.8958
"523","0","3","male",26.5,"C",1,"singleton",7.225
"524","1","1","female",44,"C",2,"small",57.9792
"525","0","3","male",20,"C",1,"singleton",7.2292
"526","0","3","male",40.5,"Q",1,"singleton",7.75
"527","1","2","female",50,"S",1,"singleton",10.5
"528","0","1","male",29,"S",1,"singleton",221.7792
"529","0","3","male",39,"S",1,"singleton",7.925
"530","0","2","male",23,"S",4,"small",11.5
"531","1","2","female",2,"S",3,"small",26
"532","0","3","male",20,"C",1,"singleton",7.2292
"533","0","3","male",17,"C",3,"small",7.2292
"534","1","3","female",11,"C",3,"small",22.3583
"535","0","3","female",30,"S",1,"singleton",8.6625
"536","1","2","female",7,"S",3,"small",26.25
"537","0","1","male",45,"S",1,"singleton",26.55
"538","1","1","female",30,"C",1,"singleton",106.425
"539","0","3","male",40.5,"S",1,"singleton",14.5
"540","1","1","female",22,"C",3,"small",49.5
"541","1","1","female",36,"S",3,"small",71
"542","0","3","female",9,"S",7,"large",31.275
"543","0","3","female",11,"S",7,"large",31.275
"544","1","2","male",32,"S",2,"small",26
"545","0","1","male",50,"C",2,"small",106.425
"546","0","1","male",64,"S",1,"singleton",26
"547","1","2","female",19,"S",2,"small",26
"548","1","2","male",27,"C",1,"singleton",13.8625
"549","0","3","male",33,"S",3,"small",20.525
"550","1","2","male",8,"S",3,"small",36.75
"551","1","1","male",17,"C",3,"small",110.8833
"552","0","2","male",27,"S",1,"singleton",26
"553","0","3","male",22,"Q",1,"singleton",7.8292
"554","1","3","male",22,"C",1,"singleton",7.225
"555","1","3","female",22,"S",1,"singleton",7.775
"556","0","1","male",62,"S",1,"singleton",26.55
"557","1","1","female",48,"C",2,"small",39.6
"558","0","1","male",38,"C",1,"singleton",227.525
"559","1","1","female",39,"S",3,"small",79.65
"560","1","3","female",36,"S",2,"small",17.4
"561","0","3","male",30.5,"Q",1,"singleton",7.75
"562","0","3","male",40,"S",1,"singleton",7.8958
"563","0","2","male",28,"S",1,"singleton",13.5
"564","0","3","male",24,"S",1,"singleton",8.05
"565","0","3","female",24,"S",1,"singleton",8.05
"566","0","3","male",24,"S",3,"small",24.15
"567","0","3","male",19,"S",1,"singleton",7.8958
"568","0","3","female",29,"S",5,"large",21.075
"569","0","3","male",20,"C",1,"singleton",7.2292
"570","1","3","male",32,"S",1,"singleton",7.8542
"571","1","2","male",62,"S",1,"singleton",10.5
"572","1","1","female",53,"S",3,"small",51.4792
"573","1","1","male",36,"S",1,"singleton",26.3875
"574","1","3","female",30.5,"Q",1,"singleton",7.75
"575","0","3","male",16,"S",1,"singleton",8.05
"576","0","3","male",19,"S",1,"singleton",14.5
"577","1","2","female",34,"S",1,"singleton",13
"578","1","1","female",39,"S",2,"small",55.9
"579","0","3","female",18,"C",2,"small",14.4583
"580","1","3","male",32,"S",1,"singleton",7.925
"581","1","2","female",25,"S",3,"small",30
"582","1","1","female",39,"C",3,"small",110.8833
"583","0","2","male",54,"S",1,"singleton",26
"584","0","1","male",36,"C",1,"singleton",40.125
"585","0","3","male",23.5,"C",1,"singleton",8.7125
"586","1","1","female",18,"S",3,"small",79.65
"587","0","2","male",47,"S",1,"singleton",15
"588","1","1","male",60,"C",3,"small",79.2
"589","0","3","male",22,"S",1,"singleton",8.05
"590","0","3","male",24,"S",1,"singleton",8.05
"591","0","3","male",35,"S",1,"singleton",7.125
"592","1","1","female",52,"C",2,"small",78.2667
"593","0","3","male",47,"S",1,"singleton",7.25
"594","0","3","female",30.5,"Q",3,"small",7.75
"595","0","2","male",37,"S",2,"small",26
"596","0","3","male",36,"S",3,"small",24.15
"597","1","2","female",25,"S",1,"singleton",33
"598","0","3","male",49,"S",1,"singleton",0
"599","0","3","male",26.5,"C",1,"singleton",7.225
"600","1","1","male",49,"C",2,"small",56.9292
"601","1","2","female",24,"S",4,"small",27
"602","0","3","male",28,"S",1,"singleton",7.8958
"603","0","1","male",42,"S",1,"singleton",42.4
"604","0","3","male",44,"S",1,"singleton",8.05
"605","1","1","male",35,"C",1,"singleton",26.55
"606","0","3","male",36,"S",2,"small",15.55
"607","0","3","male",30,"S",1,"singleton",7.8958
"608","1","1","male",27,"S",1,"singleton",30.5
"609","1","2","female",22,"C",4,"small",41.5792
"610","1","1","female",40,"S",1,"singleton",153.4625
"611","0","3","female",39,"S",7,"large",31.275
"612","0","3","male",25,"S",1,"singleton",7.05
"613","1","3","female",26,"Q",2,"small",15.5
"614","0","3","male",30.5,"Q",1,"singleton",7.75
"615","0","3","male",35,"S",1,"singleton",8.05
"616","1","2","female",24,"S",4,"small",65
"617","0","3","male",34,"S",3,"small",14.4
"618","0","3","female",26,"S",2,"small",16.1
"619","1","2","female",4,"S",4,"small",39
"620","0","2","male",26,"S",1,"singleton",10.5
"621","0","3","male",27,"C",2,"small",14.4542
"622","1","1","male",42,"S",2,"small",52.5542
"623","1","3","male",20,"C",3,"small",15.7417
"624","0","3","male",21,"S",1,"singleton",7.8542
"625","0","3","male",21,"S",1,"singleton",16.1
"626","0","1","male",61,"S",1,"singleton",32.3208
"627","0","2","male",57,"Q",1,"singleton",12.35
"628","1","1","female",21,"S",1,"singleton",77.9583
"629","0","3","male",26,"S",1,"singleton",7.8958
"630","0","3","male",22,"Q",1,"singleton",7.7333
"631","1","1","male",80,"S",1,"singleton",30
"632","0","3","male",51,"S",1,"singleton",7.0542
"633","1","1","male",32,"C",1,"singleton",30.5
"634","0","1","male",47,"S",1,"singleton",0
"635","0","3","female",9,"S",6,"large",27.9
"636","1","2","female",28,"S",1,"singleton",13
"637","0","3","male",32,"S",1,"singleton",7.925
"638","0","2","male",31,"S",3,"small",26.25
"639","0","3","female",41,"S",6,"large",39.6875
"640","0","3","male",24,"S",2,"small",16.1
"641","0","3","male",20,"S",1,"singleton",7.8542
"642","1","1","female",24,"C",1,"singleton",69.3
"643","0","3","female",2,"S",6,"large",27.9
"644","1","3","male",26,"S",1,"singleton",56.4958
"645","1","3","female",0.75,"C",4,"small",19.2583
"646","1","1","male",48,"C",2,"small",76.7292
"647","0","3","male",19,"S",1,"singleton",7.8958
"648","1","1","male",56,"C",1,"singleton",35.5
"649","0","3","male",24,"S",1,"singleton",7.55
"650","1","3","female",23,"S",1,"singleton",7.55
"651","0","3","male",28,"S",1,"singleton",7.8958
"652","1","2","female",18,"S",2,"small",23
"653","0","3","male",21,"S",1,"singleton",8.4333
"654","1","3","female",22,"Q",1,"singleton",7.8292
"655","0","3","female",18,"Q",1,"singleton",6.75
"656","0","2","male",24,"S",3,"small",73.5
"657","0","3","male",28,"S",1,"singleton",7.8958
"658","0","3","female",32,"Q",3,"small",15.5
"659","0","2","male",23,"S",1,"singleton",13
"660","0","1","male",58,"C",3,"small",113.275
"661","1","1","male",50,"S",3,"small",133.65
"662","0","3","male",40,"C",1,"singleton",7.225
"663","0","1","male",47,"S",1,"singleton",25.5875
"664","0","3","male",36,"S",1,"singleton",7.4958
"665","1","3","male",20,"S",2,"small",7.925
"666","0","2","male",32,"S",3,"small",73.5
"667","0","2","male",25,"S",1,"singleton",13
"668","0","3","male",25,"S",1,"singleton",7.775
"669","0","3","male",43,"S",1,"singleton",8.05
"670","1","1","female",42,"S",2,"small",52
"671","1","2","female",40,"S",3,"small",39
"672","0","1","male",31,"S",2,"small",52
"673","0","2","male",70,"S",1,"singleton",10.5
"674","1","2","male",31,"S",1,"singleton",13
"675","0","2","male",29,"S",1,"singleton",0
"676","0","3","male",18,"S",1,"singleton",7.775
"677","0","3","male",24.5,"S",1,"singleton",8.05
"678","1","3","female",18,"S",1,"singleton",9.8417
"679","0","3","female",43,"S",8,"large",46.9
"680","1","1","male",36,"C",2,"small",512.3292
"681","0","3","female",22,"Q",1,"singleton",8.1375
"682","1","1","male",27,"C",1,"singleton",76.7292
"683","0","3","male",20,"S",1,"singleton",9.225
"684","0","3","male",14,"S",8,"large",46.9
"685","0","2","male",60,"S",3,"small",39
"686","0","2","male",25,"C",4,"small",41.5792
"687","0","3","male",14,"S",6,"large",39.6875
"688","0","3","male",19,"S",1,"singleton",10.1708
"689","0","3","male",18,"S",1,"singleton",7.7958
"690","1","1","female",15,"S",2,"small",211.3375
"691","1","1","male",31,"S",2,"small",57
"692","1","3","female",4,"C",2,"small",13.4167
"693","1","3","male",26,"S",1,"singleton",56.4958
"694","0","3","male",25,"C",1,"singleton",7.225
"695","0","1","male",60,"S",1,"singleton",26.55
"696","0","2","male",52,"S",1,"singleton",13.5
"697","0","3","male",44,"S",1,"singleton",8.05
"698","1","3","female",22,"Q",1,"singleton",7.7333
"699","0","1","male",49,"C",3,"small",110.8833
"700","0","3","male",42,"S",1,"singleton",7.65
"701","1","1","female",18,"C",2,"small",227.525
"702","1","1","male",35,"S",1,"singleton",26.2875
"703","0","3","female",18,"C",2,"small",14.4542
"704","0","3","male",25,"Q",1,"singleton",7.7417
"705","0","3","male",26,"S",2,"small",7.8542
"706","0","2","male",39,"S",1,"singleton",26
"707","1","2","female",45,"S",1,"singleton",13.5
"708","1","1","male",42,"S",1,"singleton",26.2875
"709","1","1","female",22,"S",1,"singleton",151.55
"710","1","3","male",14.5,"C",3,"small",15.2458
"711","1","1","female",24,"C",1,"singleton",49.5042
"712","0","1","male",56,"S",1,"singleton",26.55
"713","1","1","male",48,"S",2,"small",52
"714","0","3","male",29,"S",1,"singleton",9.4833
"715","0","2","male",52,"S",1,"singleton",13
"716","0","3","male",19,"S",1,"singleton",7.65
"717","1","1","female",38,"C",1,"singleton",227.525
"718","1","2","female",27,"S",1,"singleton",10.5
"719","0","3","male",26,"Q",1,"singleton",15.5
"720","0","3","male",33,"S",1,"singleton",7.775
"721","1","2","female",6,"S",2,"small",33
"722","0","3","male",17,"S",2,"small",7.0542
"723","0","2","male",34,"S",1,"singleton",13
"724","0","2","male",50,"S",1,"singleton",13
"725","1","1","male",27,"S",2,"small",53.1
"726","0","3","male",20,"S",1,"singleton",8.6625
"727","1","2","female",30,"S",4,"small",21
"728","1","3","female",22,"Q",1,"singleton",7.7375
"729","0","2","male",25,"S",2,"small",26
"730","0","3","female",25,"S",2,"small",7.925
"731","1","1","female",29,"S",1,"singleton",211.3375
"732","0","3","male",11,"C",1,"singleton",18.7875
"733","0","2","male",29,"S",1,"singleton",0
"734","0","2","male",23,"S",1,"singleton",13
"735","0","2","male",23,"S",1,"singleton",13
"736","0","3","male",28.5,"S",1,"singleton",16.1
"737","0","3","female",48,"S",5,"large",34.375
"738","1","1","male",35,"C",1,"singleton",512.3292
"739","0","3","male",28,"S",1,"singleton",7.8958
"740","0","3","male",28,"S",1,"singleton",7.8958
"741","1","1","male",45.5,"S",1,"singleton",30
"742","0","1","male",36,"S",2,"small",78.85
"743","1","1","female",21,"C",5,"large",262.375
"744","0","3","male",24,"S",2,"small",16.1
"745","1","3","male",31,"S",1,"singleton",7.925
"746","0","1","male",70,"S",3,"small",71
"747","0","3","male",16,"S",3,"small",20.25
"748","1","2","female",30,"S",1,"singleton",13
"749","0","1","male",19,"S",2,"small",53.1
"750","0","3","male",31,"Q",1,"singleton",7.75
"751","1","2","female",4,"S",3,"small",23
"752","1","3","male",6,"S",2,"small",12.475
"753","0","3","male",33,"S",1,"singleton",9.5
"754","0","3","male",23,"S",1,"singleton",7.8958
"755","1","2","female",48,"S",4,"small",65
"756","1","2","male",0.67,"S",3,"small",14.5
"757","0","3","male",28,"S",1,"singleton",7.7958
"758","0","2","male",18,"S",1,"singleton",11.5
"759","0","3","male",34,"S",1,"singleton",8.05
"760","1","1","female",33,"S",1,"singleton",86.5
"761","0","3","male",40.5,"S",1,"singleton",14.5
"762","0","3","male",41,"S",1,"singleton",7.125
"763","1","3","male",20,"C",1,"singleton",7.2292
"764","1","1","female",36,"S",4,"small",120
"765","0","3","male",16,"S",1,"singleton",7.775
"766","1","1","female",51,"S",2,"small",77.9583
"767","0","1","male",36,"C",1,"singleton",39.6
"768","0","3","female",30.5,"Q",1,"singleton",7.75
"769","0","3","male",15,"Q",2,"small",24.15
"770","0","3","male",32,"S",1,"singleton",8.3625
"771","0","3","male",24,"S",1,"singleton",9.5
"772","0","3","male",48,"S",1,"singleton",7.8542
"773","0","2","female",57,"S",1,"singleton",10.5
"774","0","3","male",26.5,"C",1,"singleton",7.225
"775","1","2","female",54,"S",5,"large",23
"776","0","3","male",18,"S",1,"singleton",7.75
"777","0","3","male",30.5,"Q",1,"singleton",7.75
"778","1","3","female",5,"S",1,"singleton",12.475
"779","0","3","male",22,"Q",1,"singleton",7.7375
"780","1","1","female",43,"S",2,"small",211.3375
"781","1","3","female",13,"C",1,"singleton",7.2292
"782","1","1","female",17,"S",2,"small",57
"783","0","1","male",29,"S",1,"singleton",30
"784","0","3","male",28,"S",4,"small",23.45
"785","0","3","male",25,"S",1,"singleton",7.05
"786","0","3","male",25,"S",1,"singleton",7.25
"787","1","3","female",18,"S",1,"singleton",7.4958
"788","0","3","male",8,"Q",6,"large",29.125
"789","1","3","male",1,"S",4,"small",20.575
"790","0","1","male",46,"C",1,"singleton",79.2
"791","0","3","male",30.5,"Q",1,"singleton",7.75
"792","0","2","male",16,"S",1,"singleton",26
"793","0","3","female",16,"S",11,"large",69.55
"794","0","1","male",39,"C",1,"singleton",30.6958
"795","0","3","male",25,"S",1,"singleton",7.8958
"796","0","2","male",39,"S",1,"singleton",13
"797","1","1","female",49,"S",1,"singleton",25.9292
"798","1","3","female",31,"S",1,"singleton",8.6833
"799","0","3","male",30,"C",1,"singleton",7.2292
"800","0","3","female",30,"S",3,"small",24.15
"801","0","2","male",34,"S",1,"singleton",13
"802","1","2","female",31,"S",3,"small",26.25
"803","1","1","male",11,"S",4,"small",120
"804","1","3","male",0.42,"C",2,"small",8.5167
"805","1","3","male",27,"S",1,"singleton",6.975
"806","0","3","male",31,"S",1,"singleton",7.775
"807","0","1","male",39,"S",1,"singleton",0
"808","0","3","female",18,"S",1,"singleton",7.775
"809","0","2","male",39,"S",1,"singleton",13
"810","1","1","female",33,"S",2,"small",53.1
"811","0","3","male",26,"S",1,"singleton",7.8875
"812","0","3","male",39,"S",1,"singleton",24.15
"813","0","2","male",35,"S",1,"singleton",10.5
"814","0","3","female",6,"S",7,"large",31.275
"815","0","3","male",30.5,"S",1,"singleton",8.05
"816","0","1","male",47,"S",1,"singleton",0
"817","0","3","female",23,"S",1,"singleton",7.925
"818","0","2","male",31,"C",3,"small",37.0042
"819","0","3","male",43,"S",1,"singleton",6.45
"820","0","3","male",10,"S",6,"large",27.9
"821","1","1","female",52,"S",3,"small",93.5
"822","1","3","male",27,"S",1,"singleton",8.6625
"823","0","1","male",38,"S",1,"singleton",0
"824","1","3","female",27,"S",2,"small",12.475
"825","0","3","male",2,"S",6,"large",39.6875
"826","0","3","male",21,"Q",1,"singleton",6.95
"827","0","3","male",26,"S",1,"singleton",56.4958
"828","1","2","male",1,"C",3,"small",37.0042
"829","1","3","male",30.5,"Q",1,"singleton",7.75
"830","1","1","female",62,"",1,"singleton",80
"831","1","3","female",15,"C",2,"small",14.4542
"832","1","2","male",0.83,"S",3,"small",18.75
"833","0","3","male",20,"C",1,"singleton",7.2292
"834","0","3","male",23,"S",1,"singleton",7.8542
"835","0","3","male",18,"S",1,"singleton",8.3
"836","1","1","female",39,"C",3,"small",83.1583
"837","0","3","male",21,"S",1,"singleton",8.6625
"838","0","3","male",24,"S",1,"singleton",8.05
"839","1","3","male",32,"S",1,"singleton",56.4958
"840","1","1","male",40,"C",1,"singleton",29.7
"841","0","3","male",20,"S",1,"singleton",7.925
"842","0","2","male",16,"S",1,"singleton",10.5
"843","1","1","female",30,"C",1,"singleton",31
"844","0","3","male",34.5,"C",1,"singleton",6.4375
"845","0","3","male",17,"S",1,"singleton",8.6625
"846","0","3","male",42,"S",1,"singleton",7.55
"847","0","3","male",16,"S",11,"large",69.55
"848","0","3","male",35,"C",1,"singleton",7.8958
"849","0","2","male",28,"S",2,"small",33
"850","1","1","female",28,"C",2,"small",89.1042
"851","0","3","male",4,"S",7,"large",31.275
"852","0","3","male",74,"S",1,"singleton",7.775
"853","0","3","female",9,"C",3,"small",15.2458
"854","1","1","female",16,"S",2,"small",39.4
"855","0","2","female",44,"S",2,"small",26
"856","1","3","female",18,"S",2,"small",9.35
"857","1","1","female",45,"S",3,"small",164.8667
"858","1","1","male",51,"S",1,"singleton",26.55
"859","1","3","female",24,"C",4,"small",19.2583
"860","0","3","male",20,"C",1,"singleton",7.2292
"861","0","3","male",41,"S",3,"small",14.1083
"862","0","2","male",21,"S",2,"small",11.5
"863","1","1","female",48,"S",1,"singleton",25.9292
"864","0","3","female",16,"S",11,"large",69.55
"865","0","2","male",24,"S",1,"singleton",13
"866","1","2","female",42,"S",1,"singleton",13
"867","1","2","female",27,"C",2,"small",13.8583
"868","0","1","male",31,"S",1,"singleton",50.4958
"869","0","3","male",28,"S",1,"singleton",9.5
"870","1","3","male",4,"S",3,"small",11.1333
"871","0","3","male",26,"S",1,"singleton",7.8958
"872","1","1","female",47,"S",3,"small",52.5542
"873","0","1","male",33,"S",1,"singleton",5
"874","0","3","male",47,"S",1,"singleton",9
"875","1","2","female",28,"C",2,"small",24
"876","1","3","female",15,"C",1,"singleton",7.225
"877","0","3","male",20,"S",1,"singleton",9.8458
"878","0","3","male",19,"S",1,"singleton",7.8958
"879","0","3","male",28,"S",1,"singleton",7.8958
"880","1","1","female",56,"C",2,"small",83.1583
"881","1","2","female",25,"S",2,"small",26
"882","0","3","male",33,"S",1,"singleton",7.8958
"883","0","3","female",22,"S",1,"singleton",10.5167
"884","0","2","male",28,"S",1,"singleton",10.5
"885","0","3","male",25,"S",1,"singleton",7.05
"886","0","3","female",39,"Q",6,"large",29.125
"887","0","2","male",27,"S",1,"singleton",13
"888","1","1","female",19,"S",1,"singleton",30
"889","0","3","female",28,"S",4,"small",23.45
"890","1","1","male",26,"C",1,"singleton",30
"891","0","3","male",32,"Q",1,"singleton",7.75
"892","0","3","male",34.5,"Q",1,"singleton",7.8292
"893","1","3","female",47,"S",2,"small",7
"894","0","2","male",62,"Q",1,"singleton",9.6875
"895","0","3","male",27,"S",1,"singleton",8.6625
"896","1","3","female",22,"S",3,"small",12.2875
"897","0","3","male",14,"S",1,"singleton",9.225
"898","1","3","female",30,"Q",1,"singleton",7.6292
"899","0","2","male",26,"S",3,"small",29
"900","1","3","female",18,"C",1,"singleton",7.2292
"901","0","3","male",21,"S",3,"small",24.15
"902","0","3","male",28,"S",1,"singleton",7.8958
"903","0","1","male",46,"S",1,"singleton",26
"904","1","1","female",23,"S",2,"small",82.2667
"905","0","2","male",63,"S",2,"small",26
"906","1","1","female",47,"S",2,"small",61.175
"907","1","2","female",24,"C",2,"small",27.7208
"908","0","2","male",35,"Q",1,"singleton",12.35
"909","0","3","male",21,"C",1,"singleton",7.225
"910","1","3","female",27,"S",2,"small",7.925
"911","1","3","female",45,"C",1,"singleton",7.225
"912","0","1","male",55,"C",2,"small",59.4
"913","0","3","male",9,"S",2,"small",3.1708
"914","1","1","female",47,"S",1,"singleton",31.6833
"915","0","1","male",21,"C",2,"small",61.3792
"916","1","1","female",48,"C",5,"large",262.375
"917","0","3","male",50,"S",2,"small",14.5
"918","1","1","female",22,"C",2,"small",61.9792
"919","0","3","male",22.5,"C",1,"singleton",7.225
"920","0","1","male",41,"S",1,"singleton",30.5
"921","0","3","male",11,"C",3,"small",21.6792
"922","0","2","male",50,"S",2,"small",26
"923","0","2","male",24,"S",3,"small",31.5
"924","1","3","female",33,"S",4,"small",20.575
"925","1","3","female",28,"S",4,"small",23.45
"926","0","1","male",30,"C",2,"small",57.75
"927","0","3","male",18.5,"C",1,"singleton",7.2292
"928","1","3","female",24,"S",1,"singleton",8.05
"929","1","3","female",21,"S",1,"singleton",8.6625
"930","0","3","male",25,"S",1,"singleton",9.5
"931","0","3","male",26,"S",1,"singleton",56.4958
"932","0","3","male",39,"C",2,"small",13.4167
"933","0","1","male",56,"S",1,"singleton",26.55
"934","0","3","male",41,"S",1,"singleton",7.85
"935","1","2","female",30,"S",1,"singleton",13
"936","1","1","female",45,"S",2,"small",52.5542
"937","0","3","male",25,"S",1,"singleton",7.925
"938","0","1","male",45,"C",1,"singleton",29.7
"939","0","3","male",30.5,"Q",1,"singleton",7.75
"940","1","1","female",60,"C",1,"singleton",76.2917
"941","1","3","female",36,"S",3,"small",15.9
"942","0","1","male",24,"S",2,"small",60
"943","0","2","male",27,"C",1,"singleton",15.0333
"944","1","2","female",20,"S",4,"small",23
"945","1","1","female",28,"S",6,"large",263
"946","0","2","male",27,"C",1,"singleton",15.5792
"947","0","3","male",10,"Q",6,"large",29.125
"948","0","3","male",35,"S",1,"singleton",7.8958
"949","0","3","male",25,"S",1,"singleton",7.65
"950","0","3","male",24,"S",2,"small",16.1
"951","1","1","female",36,"C",1,"singleton",262.375
"952","0","3","male",17,"S",1,"singleton",7.8958
"953","0","2","male",32,"S",1,"singleton",13.5
"954","0","3","male",18,"S",1,"singleton",7.75
"955","1","3","female",22,"Q",1,"singleton",7.725
"956","0","1","male",13,"C",5,"large",262.375
"957","1","2","female",30,"S",1,"singleton",21
"958","1","3","female",18,"Q",1,"singleton",7.8792
"959","0","1","male",47,"S",1,"singleton",42.4
"960","0","1","male",31,"C",1,"singleton",28.5375
"961","1","1","female",60,"S",6,"large",263
"962","1","3","female",24,"Q",1,"singleton",7.75
"963","0","3","male",21,"S",1,"singleton",7.8958
"964","1","3","female",29,"S",1,"singleton",7.925
"965","0","1","male",28.5,"C",1,"singleton",27.7208
"966","1","1","female",35,"C",1,"singleton",211.5
"967","0","1","male",32.5,"C",1,"singleton",211.5
"968","0","3","male",24,"S",1,"singleton",8.05
"969","1","1","female",55,"S",3,"small",25.7
"970","0","2","male",30,"S",1,"singleton",13
"971","1","3","female",24,"Q",1,"singleton",7.75
"972","0","3","male",6,"C",3,"small",15.2458
"973","0","1","male",67,"S",2,"small",221.7792
"974","0","1","male",49,"S",1,"singleton",26
"975","0","3","male",28,"S",1,"singleton",7.8958
"976","0","2","male",32,"Q",1,"singleton",10.7083
"977","0","3","male",18,"C",2,"small",14.4542
"978","1","3","female",27,"Q",1,"singleton",7.8792
"979","1","3","female",18,"S",1,"singleton",8.05
"980","1","3","female",30.5,"Q",1,"singleton",7.75
"981","0","2","male",2,"S",3,"small",23
"982","1","3","female",22,"S",2,"small",13.9
"983","0","3","male",25,"S",1,"singleton",7.775
"984","1","1","female",27,"S",4,"small",52
"985","0","3","male",24,"S",1,"singleton",8.05
"986","0","1","male",25,"C",1,"singleton",26
"987","0","3","male",25,"S",1,"singleton",7.7958
"988","1","1","female",76,"S",2,"small",78.85
"989","0","3","male",29,"S",1,"singleton",7.925
"990","1","3","female",20,"S",1,"singleton",7.8542
"991","0","3","male",33,"S",1,"singleton",8.05
"992","1","1","female",43,"C",2,"small",55.4417
"993","0","2","male",27,"S",2,"small",26
"994","0","3","male",30.5,"Q",1,"singleton",7.75
"995","0","3","male",26,"S",1,"singleton",7.775
"996","1","3","female",16,"C",3,"small",8.5167
"997","0","3","male",28,"S",1,"singleton",22.525
"998","0","3","male",21,"Q",1,"singleton",7.8208
"999","0","3","male",30.5,"Q",1,"singleton",7.75
"1000","0","3","male",26,"S",1,"singleton",8.7125
"1001","0","2","male",18.5,"S",1,"singleton",13
"1002","0","2","male",41,"C",1,"singleton",15.0458
"1003","1","3","female",30.5,"Q",1,"singleton",7.7792
"1004","1","1","female",36,"C",1,"singleton",31.6792
"1005","1","3","female",18.5,"Q",1,"singleton",7.2833
"1006","1","1","female",63,"S",2,"small",221.7792
"1007","0","3","male",18,"C",2,"small",14.4542
"1008","0","3","male",26.5,"C",1,"singleton",6.4375
"1009","1","3","female",1,"S",3,"small",16.7
"1010","0","1","male",36,"C",1,"singleton",75.2417
"1011","1","2","female",29,"S",2,"small",26
"1012","1","2","female",12,"S",1,"singleton",15.75
"1013","0","3","male",30.5,"Q",2,"small",7.75
"1014","1","1","female",35,"C",2,"small",57.75
"1015","0","3","male",28,"S",1,"singleton",7.25
"1016","0","3","male",30.5,"Q",1,"singleton",7.75
"1017","1","3","female",17,"S",2,"small",16.1
"1018","0","3","male",22,"S",1,"singleton",7.7958
"1019","1","3","female",15,"Q",3,"small",23.25
"1020","0","2","male",42,"S",1,"singleton",13
"1021","0","3","male",24,"S",1,"singleton",8.05
"1022","0","3","male",32,"S",1,"singleton",8.05
"1023","0","1","male",53,"C",1,"singleton",28.5
"1024","1","3","female",24,"S",5,"large",25.4667
"1025","0","3","male",26.5,"C",2,"small",6.4375
"1026","0","3","male",43,"S",1,"singleton",7.8958
"1027","0","3","male",24,"S",1,"singleton",7.8542
"1028","0","3","male",26.5,"C",1,"singleton",7.225
"1029","0","2","male",26,"S",1,"singleton",13
"1030","1","3","female",23,"S",1,"singleton",8.05
"1031","0","3","male",40,"S",8,"large",46.9
"1032","1","3","female",10,"S",8,"large",46.9
"1033","1","1","female",33,"S",1,"singleton",151.55
"1034","0","1","male",61,"C",5,"large",262.375
"1035","0","2","male",28,"S",1,"singleton",26
"1036","0","1","male",42,"S",1,"singleton",26.55
"1037","0","3","male",31,"S",4,"small",18
"1038","0","1","male",42,"S",1,"singleton",51.8625
"1039","0","3","male",22,"S",1,"singleton",8.05
"1040","0","1","male",56,"S",1,"singleton",26.55
"1041","0","2","male",30,"S",3,"small",26
"1042","1","1","female",23,"C",2,"small",83.1583
"1043","0","3","male",22,"C",1,"singleton",7.8958
"1044","0","3","male",60.5,"S",1,"singleton",8.05
"1045","1","3","female",36,"S",3,"small",12.1833
"1046","0","3","male",13,"S",7,"large",31.3875
"1047","0","3","male",24,"S",1,"singleton",7.55
"1048","1","1","female",29,"S",1,"singleton",221.7792
"1049","1","3","female",23,"S",1,"singleton",7.8542
"1050","0","1","male",42,"S",1,"singleton",26.55
"1051","1","3","female",26,"S",3,"small",13.775
"1052","1","3","female",22,"Q",1,"singleton",7.7333
"1053","0","3","male",7,"C",3,"small",15.2458
"1054","1","2","female",26,"S",1,"singleton",13.5
"1055","0","3","male",27,"S",1,"singleton",7
"1056","0","2","male",41,"S",1,"singleton",13
"1057","1","3","female",26,"S",3,"small",22.025
"1058","0","1","male",48,"C",1,"singleton",50.4958
"1059","0","3","male",18,"S",5,"large",34.375
"1060","1","1","female",43,"C",1,"singleton",27.7208
"1061","1","3","female",22,"S",1,"singleton",8.9625
"1062","0","3","male",24,"S",1,"singleton",7.55
"1063","0","3","male",27,"C",1,"singleton",7.225
"1064","0","3","male",23,"S",2,"small",13.9
"1065","0","3","male",20,"C",1,"singleton",7.2292
"1066","0","3","male",40,"S",7,"large",31.3875
"1067","1","2","female",15,"S",3,"small",39
"1068","1","2","female",20,"S",1,"singleton",36.75
"1069","0","1","male",54,"C",2,"small",55.4417
"1070","1","2","female",36,"S",4,"small",39
"1071","1","1","female",64,"C",3,"small",83.1583
"1072","0","2","male",30,"S",1,"singleton",13
"1073","0","1","male",37,"C",3,"small",83.1583
"1074","1","1","female",18,"S",2,"small",53.1
"1075","0","3","male",30.5,"Q",1,"singleton",7.75
"1076","1","1","female",27,"C",3,"small",247.5208
"1077","0","2","male",40,"S",1,"singleton",16
"1078","1","2","female",21,"S",2,"small",21
"1079","0","3","male",17,"S",3,"small",8.05
"1080","1","3","female",16,"S",11,"large",69.55
"1081","0","2","male",40,"S",1,"singleton",13
"1082","0","2","male",34,"S",2,"small",26
"1083","0","1","male",46,"S",1,"singleton",26
"1084","0","3","male",11.5,"S",3,"small",14.5
"1085","0","2","male",61,"Q",1,"singleton",12.35
"1086","0","2","male",8,"S",3,"small",32.5
"1087","0","3","male",33,"S",1,"singleton",7.8542
"1088","0","1","male",6,"C",3,"small",134.5
"1089","1","3","female",18,"S",1,"singleton",7.775
"1090","0","2","male",23,"S",1,"singleton",10.5
"1091","1","3","female",22,"S",1,"singleton",8.1125
"1092","1","3","female",26,"Q",1,"singleton",15.5
"1093","0","3","male",0.33,"S",3,"small",14.4
"1094","0","1","male",47,"C",2,"small",227.525
"1095","1","2","female",8,"S",3,"small",26
"1096","0","2","male",25,"S",1,"singleton",10.5
"1097","0","1","male",40,"C",1,"singleton",25.7417
"1098","1","3","female",35,"Q",1,"singleton",7.75
"1099","0","2","male",24,"S",1,"singleton",10.5
"1100","1","1","female",33,"C",1,"singleton",27.7208
"1101","0","3","male",25,"S",1,"singleton",7.8958
"1102","0","3","male",32,"S",1,"singleton",22.525
"1103","0","3","male",25,"S",1,"singleton",7.05
"1104","0","2","male",17,"S",1,"singleton",73.5
"1105","1","2","female",60,"S",2,"small",26
"1106","1","3","female",38,"S",7,"large",7.775
"1107","0","1","male",42,"S",1,"singleton",42.5
"1108","1","3","female",22,"Q",1,"singleton",7.8792
"1109","0","1","male",57,"S",3,"small",164.8667
"1110","1","1","female",50,"C",3,"small",211.5
"1111","0","3","male",24,"S",1,"singleton",8.05
"1112","1","2","female",30,"C",2,"small",13.8583
"1113","0","3","male",21,"S",1,"singleton",8.05
"1114","1","2","female",22,"S",1,"singleton",10.5
"1115","0","3","male",21,"S",1,"singleton",7.7958
"1116","1","1","female",53,"C",1,"singleton",27.4458
"1117","1","3","female",14.5,"C",3,"small",15.2458
"1118","0","3","male",23,"S",1,"singleton",7.7958
"1119","1","3","female",30.5,"Q",1,"singleton",7.75
"1120","0","3","male",40.5,"S",1,"singleton",15.1
"1121","0","2","male",36,"S",1,"singleton",13
"1122","0","2","male",14,"S",1,"singleton",65
"1123","1","1","female",21,"S",1,"singleton",26.55
"1124","0","3","male",21,"S",2,"small",6.4958
"1125","0","3","male",22,"Q",1,"singleton",7.8792
"1126","0","1","male",39,"C",2,"small",71.2833
"1127","0","3","male",20,"S",1,"singleton",7.8542
"1128","0","1","male",64,"C",2,"small",75.25
"1129","0","3","male",20,"C",1,"singleton",7.225
"1130","1","2","female",18,"S",3,"small",13
"1131","1","1","female",48,"C",2,"small",106.425
"1132","1","1","female",55,"C",1,"singleton",27.7208
"1133","1","2","female",45,"S",3,"small",30
"1134","0","1","male",45,"C",3,"small",134.5
"1135","0","3","male",28,"S",1,"singleton",7.8875
"1136","0","3","male",28,"S",4,"small",23.45
"1137","0","1","male",41,"S",2,"small",51.8625
"1138","1","2","female",22,"S",1,"singleton",21
"1139","0","2","male",42,"S",3,"small",32.5
"1140","1","2","female",29,"S",2,"small",26
"1141","1","3","female",18,"C",2,"small",14.4542
"1142","1","2","female",0.92,"S",4,"small",27.75
"1143","0","3","male",20,"S",1,"singleton",7.925
"1144","0","1","male",27,"C",2,"small",136.7792
"1145","0","3","male",24,"S",1,"singleton",9.325
"1146","0","3","male",32.5,"S",1,"singleton",9.5
"1147","0","3","male",24,"S",1,"singleton",7.55
"1148","0","3","male",30.5,"Q",1,"singleton",7.75
"1149","0","3","male",28,"S",1,"singleton",8.05
"1150","1","2","female",19,"S",1,"singleton",13
"1151","0","3","male",21,"S",1,"singleton",7.775
"1152","0","3","male",36.5,"S",2,"small",17.4
"1153","0","3","male",21,"S",1,"singleton",7.8542
"1154","1","2","female",29,"S",3,"small",23
"1155","1","3","female",1,"S",3,"small",12.1833
"1156","0","2","male",30,"C",1,"singleton",12.7375
"1157","0","3","male",28,"S",1,"singleton",7.8958
"1158","0","1","male",47,"S",1,"singleton",0
"1159","0","3","male",24,"S",1,"singleton",7.55
"1160","1","3","female",24,"S",1,"singleton",8.05
"1161","0","3","male",17,"S",1,"singleton",8.6625
"1162","0","1","male",46,"C",1,"singleton",75.2417
"1163","0","3","male",30.5,"Q",1,"singleton",7.75
"1164","1","1","female",26,"C",2,"small",136.7792
"1165","1","3","female",26,"Q",2,"small",15.5
"1166","0","3","male",26.5,"C",1,"singleton",7.225
"1167","1","2","female",20,"S",2,"small",26
"1168","0","2","male",28,"S",1,"singleton",10.5
"1169","0","2","male",40,"S",2,"small",26
"1170","0","2","male",30,"S",2,"small",21
"1171","0","2","male",22,"S",1,"singleton",10.5
"1172","1","3","female",23,"S",1,"singleton",8.6625
"1173","0","3","male",0.75,"S",3,"small",13.775
"1174","1","3","female",30.5,"Q",1,"singleton",7.75
"1175","1","3","female",9,"C",3,"small",15.2458
"1176","1","3","female",2,"S",3,"small",20.2125
"1177","0","3","male",36,"S",1,"singleton",7.25
"1178","0","3","male",22,"S",1,"singleton",7.25
"1179","0","1","male",24,"S",2,"small",82.2667
"1180","0","3","male",20,"C",1,"singleton",7.2292
"1181","0","3","male",24,"S",1,"singleton",8.05
"1182","0","1","male",47,"S",1,"singleton",39.6
"1183","1","3","female",30,"Q",1,"singleton",6.95
"1184","0","3","male",20,"C",1,"singleton",7.2292
"1185","0","1","male",53,"S",3,"small",81.8583
"1186","0","3","male",36,"S",1,"singleton",9.5
"1187","0","3","male",26,"S",1,"singleton",7.8958
"1188","1","2","female",1,"C",4,"small",41.5792
"1189","0","3","male",11,"C",3,"small",21.6792
"1190","0","1","male",30,"S",1,"singleton",45.5
"1191","0","3","male",29,"S",1,"singleton",7.8542
"1192","0","3","male",32,"S",1,"singleton",7.775
"1193","0","2","male",27,"C",1,"singleton",15.0458
"1194","0","2","male",43,"S",2,"small",21
"1195","0","3","male",24,"S",1,"singleton",8.6625
"1196","1","3","female",30.5,"Q",1,"singleton",7.75
"1197","1","1","female",64,"S",3,"small",26.55
"1198","0","1","male",30,"S",4,"small",151.55
"1199","0","3","male",0.83,"S",2,"small",9.35
"1200","0","1","male",55,"S",3,"small",93.5
"1201","1","3","female",45,"S",2,"small",14.1083
"1202","0","3","male",18,"S",1,"singleton",8.6625
"1203","0","3","male",22,"C",1,"singleton",7.225
"1204","0","3","male",24,"S",1,"singleton",7.575
"1205","1","3","female",37,"Q",1,"singleton",7.75
"1206","1","1","female",55,"C",1,"singleton",135.6333
"1207","1","3","female",17,"Q",1,"singleton",7.7333
"1208","0","1","male",57,"C",2,"small",146.5208
"1209","0","2","male",19,"S",1,"singleton",10.5
"1210","0","3","male",27,"S",1,"singleton",7.8542
"1211","0","2","male",22,"S",3,"small",31.5
"1212","0","3","male",26,"S",1,"singleton",7.775
"1213","0","3","male",25,"C",1,"singleton",7.2292
"1214","0","2","male",26,"S",1,"singleton",13
"1215","0","1","male",33,"S",1,"singleton",26.55
"1216","1","1","female",39,"S",1,"singleton",211.3375
"1217","0","3","male",23,"S",1,"singleton",7.05
"1218","1","2","female",12,"S",4,"small",39
"1219","0","1","male",46,"C",1,"singleton",79.2
"1220","0","2","male",29,"S",2,"small",26
"1221","0","2","male",21,"S",1,"singleton",13
"1222","1","2","female",48,"S",3,"small",36.75
"1223","0","1","male",39,"C",1,"singleton",29.7
"1224","0","3","male",26.5,"C",1,"singleton",7.225
"1225","1","3","female",19,"C",3,"small",15.7417
"1226","0","3","male",27,"S",1,"singleton",7.8958
"1227","0","1","male",30,"S",1,"singleton",26
"1228","0","2","male",32,"S",1,"singleton",13
"1229","0","3","male",39,"C",3,"small",7.2292
"1230","0","2","male",25,"S",1,"singleton",31.5
"1231","0","3","male",20,"C",1,"singleton",7.2292
"1232","0","2","male",18,"S",1,"singleton",10.5
"1233","0","3","male",32,"S",1,"singleton",7.5792
"1234","0","3","male",16,"S",11,"large",69.55
"1235","1","1","female",58,"C",2,"small",512.3292
"1236","0","3","male",40.5,"S",3,"small",14.5
"1237","1","3","female",16,"S",1,"singleton",7.65
"1238","0","2","male",26,"S",1,"singleton",13
"1239","1","3","female",38,"C",1,"singleton",7.2292
"1240","0","2","male",24,"S",1,"singleton",13.5
"1241","1","2","female",31,"S",1,"singleton",21
"1242","1","1","female",45,"C",2,"small",63.3583
"1243","0","2","male",25,"S",1,"singleton",10.5
"1244","0","2","male",18,"S",1,"singleton",73.5
"1245","0","2","male",49,"S",4,"small",65
"1246","1","3","female",0.17,"S",4,"small",20.575
"1247","0","1","male",50,"S",1,"singleton",26
"1248","1","1","female",59,"S",3,"small",51.4792
"1249","0","3","male",28,"S",1,"singleton",7.8792
"1250","0","3","male",30.5,"Q",1,"singleton",7.75
"1251","1","3","female",30,"S",2,"small",15.55
"1252","0","3","male",14.5,"S",11,"large",69.55
"1253","1","2","female",24,"C",3,"small",37.0042
"1254","1","2","female",31,"S",1,"singleton",21
"1255","0","3","male",27,"S",1,"singleton",8.6625
"1256","1","1","female",25,"C",2,"small",55.4417
"1257","1","3","female",16,"S",11,"large",69.55
"1258","0","3","male",18,"C",2,"small",14.4583
"1259","1","3","female",22,"S",1,"singleton",39.6875
"1260","1","1","female",45,"C",2,"small",59.4
"1261","0","2","male",29,"C",1,"singleton",13.8583
"1262","0","2","male",21,"S",2,"small",11.5
"1263","1","1","female",31,"C",1,"singleton",134.5
"1264","0","1","male",49,"S",1,"singleton",0
"1265","0","2","male",44,"S",1,"singleton",13
"1266","1","1","female",54,"S",3,"small",81.8583
"1267","1","1","female",45,"C",1,"singleton",262.375
"1268","1","3","female",22,"S",3,"small",8.6625
"1269","0","2","male",21,"S",1,"singleton",11.5
"1270","0","1","male",55,"S",1,"singleton",50
"1271","0","3","male",5,"S",7,"large",31.3875
"1272","0","3","male",30.5,"Q",1,"singleton",7.75
"1273","0","3","male",26,"Q",1,"singleton",7.8792
"1274","1","3","female",40.5,"S",1,"singleton",14.5
"1275","1","3","female",19,"S",2,"small",16.1
"1276","0","2","male",30,"S",1,"singleton",12.875
"1277","1","2","female",24,"S",4,"small",65
"1278","0","3","male",24,"S",1,"singleton",7.775
"1279","0","2","male",57,"S",1,"singleton",13
"1280","0","3","male",21,"Q",1,"singleton",7.75
"1281","0","3","male",6,"S",5,"large",21.075
"1282","0","1","male",23,"S",1,"singleton",93.5
"1283","1","1","female",51,"S",2,"small",39.4
"1284","0","3","male",13,"S",3,"small",20.25
"1285","0","2","male",47,"S",1,"singleton",10.5
"1286","0","3","male",29,"S",5,"large",22.025
"1287","1","1","female",18,"S",2,"small",60
"1288","0","3","male",24,"Q",1,"singleton",7.25
"1289","1","1","female",48,"C",3,"small",79.2
"1290","0","3","male",22,"S",1,"singleton",7.775
"1291","0","3","male",31,"Q",1,"singleton",7.7333
"1292","1","1","female",30,"S",1,"singleton",164.8667
"1293","0","2","male",38,"S",2,"small",21
"1294","1","1","female",22,"C",2,"small",59.4
"1295","0","1","male",17,"S",1,"singleton",47.1
"1296","0","1","male",43,"C",2,"small",27.7208
"1297","0","2","male",20,"C",1,"singleton",13.8625
"1298","0","2","male",23,"S",2,"small",10.5
"1299","0","1","male",50,"C",3,"small",211.5
"1300","1","3","female",22,"Q",1,"singleton",7.7208
"1301","1","3","female",3,"S",3,"small",13.775
"1302","1","3","female",30.5,"Q",1,"singleton",7.75
"1303","1","1","female",37,"Q",2,"small",90
"1304","1","3","female",28,"S",1,"singleton",7.775
"1305","0","3","male",24,"S",1,"singleton",8.05
"1306","1","1","female",39,"C",1,"singleton",108.9
"1307","0","3","male",38.5,"S",1,"singleton",7.25
"1308","0","3","male",24,"S",1,"singleton",8.05
"1309","0","3","male",11,"C",3,"small",22.3583
